ID,Type,SKU,Name,Published,"Is featured?","Visibility in catalog","Short description",Description,"Date sale price starts","Date sale price ends","Tax status","Tax class","In stock?",Stock,"Low stock amount","Backorders allowed?","Sold individually?","Weight (kg)","Length (cm)","Width (cm)","Height (cm)","Allow customer reviews?","Purchase note","Sale price","Regular price",Categories,Tags,"Shipping class",Images,"Download limit","Download expiry days",Parent,"Grouped products",Upsells,Cross-sells,"External URL","Button text",Position,"Swatches Attributes","Attribute 1 name","Attribute 1 value(s)","Attribute 1 visible","Attribute 1 global","Attribute 2 name","Attribute 2 value(s)","Attribute 2 visible","Attribute 2 global","Attribute 3 name","Attribute 3 value(s)","Attribute 3 visible","Attribute 3 global","Attribute 1 default","Attribute 2 default","Attribute 3 default","Meta: rs_page_bg_color","Download 1 ID","Download 1 name","Download 1 URL"
1928,variable,,"Elowen Banquette",1,0,visible,"Why We Love It\nBring the outdoors in with this light and airy piece - its elegantly curved silhouette boasts caning and brass accents that are well-suited for a luxe sun room, while a deep seat and loose, down-filled cushions create an inviting respite for lounging and entertaining.","[elementor-template id=""2185""]",,,taxable,,1,,,0,0,,,,,1,,,,Furniture,"creative, design, elementor, funiture-single, furniture, novaworks, products, woocommerce",,"https://vedbo.co/wp-content/uploads/2021/12/1-3.jpg, https://vedbo.co/wp-content/uploads/2021/12/1-1-1.jpg, https://vedbo.co/wp-content/uploads/2021/12/2-1-1.jpg, https://vedbo.co/wp-content/uploads/2021/12/2-3.jpg, https://vedbo.co/wp-content/uploads/2021/12/3-1-1.jpg, https://vedbo.co/wp-content/uploads/2021/12/3-3.jpg, https://vedbo.co/wp-content/uploads/2021/12/4-1-1.jpg",,,,,,,,,4,"{""Color"":{""name"":""Color"",""type"":""color"",""terms"":{""Blue"":{""name"":""Blue"",""color"":""#1e73be"",""image"":"""",""show_tooltip"":"""",""tooltip_text"":"""",""tooltip_image"":"""",""image_size"":""""},""Gray"":{""name"":""Gray"",""color"":""#999999"",""image"":"""",""show_tooltip"":"""",""tooltip_text"":"""",""tooltip_image"":"""",""image_size"":""""},""Green"":{""name"":""Green"",""color"":""#81d742"",""image"":"""",""show_tooltip"":"""",""tooltip_text"":"""",""tooltip_image"":"""",""image_size"":""""},""Red"":{""name"":""Red"",""color"":""#dd3333"",""image"":"""",""show_tooltip"":"""",""tooltip_text"":"""",""tooltip_image"":"""",""image_size"":""""},""Yellow"":{""name"":""Yellow"",""color"":""#eeee22"",""image"":"""",""show_tooltip"":"""",""tooltip_text"":"""",""tooltip_image"":"""",""image_size"":""""}}}}",Color,"Blue, Gray, Green, Red, Yellow",0,1,Material,"Range 1, Range 2, Range 3",0,1,Corner,"Left corner, Right corner",0,1,,,,,,,
1929,simple,,"Corinne Half",1,0,visible,"Why We Love It\nBring the outdoors in with this light and airy piece – its elegantly curved silhouette boasts caning and brass accents that are well-suited for a luxe sun room, while a deep seat and loose, down-filled cushions create an inviting respite for lounging and entertaining.","[elementor-template id=""2185""]",,,taxable,,1,,,0,0,,,,,1,,600,780,Furniture,"creative, design, elementor, funiture-single, furniture, novaworks, products, woocommerce",,"https://vedbo.co/wp-content/uploads/2021/12/6-3.jpg, https://vedbo.co/wp-content/uploads/2021/12/6-1-1.jpg, https://vedbo.co/wp-content/uploads/2021/12/5-3.jpg, https://vedbo.co/wp-content/uploads/2021/12/5-1-1.jpg, https://vedbo.co/wp-content/uploads/2021/12/4-3.jpg, https://vedbo.co/wp-content/uploads/2021/12/4-1-1.jpg, https://vedbo.co/wp-content/uploads/2021/12/3-3.jpg",,,,,,,,,1,,,,,,,,,,,,,,,,,,,,
1930,simple,,"Sherpa Stanton",1,0,visible,"Why We Love It\nBring the outdoors in with this light and airy piece – its elegantly curved silhouette boasts caning and brass accents that are well-suited for a luxe sun room, while a deep seat and loose, down-filled cushions create an inviting respite for lounging and entertaining.","[elementor-template id=""2185""]",,,taxable,,1,,,0,0,,,,,1,,,200,Furniture,"creative, design, elementor, funiture-single, furniture, novaworks, products, woocommerce",,"https://vedbo.co/wp-content/uploads/2021/12/5-3.jpg, https://vedbo.co/wp-content/uploads/2021/12/5-1-1.jpg, https://vedbo.co/wp-content/uploads/2021/12/4-3.jpg, https://vedbo.co/wp-content/uploads/2021/12/3-3.jpg, https://vedbo.co/wp-content/uploads/2021/12/4-1-1.jpg, https://vedbo.co/wp-content/uploads/2021/12/3-1-1.jpg, https://vedbo.co/wp-content/uploads/2021/12/2-3.jpg",,,,,,,,,2,,,,,,,,,,,,,,,,,,,,
1931,simple,,"Tiled Quentin",1,0,visible,"Why We Love It\nBring the outdoors in with this light and airy piece – its elegantly curved silhouette boasts caning and brass accents that are well-suited for a luxe sun room, while a deep seat and loose, down-filled cushions create an inviting respite for lounging and entertaining.","[elementor-template id=""2185""]",,,taxable,,1,,,0,0,,,,,1,,,230,Furniture,"creative, design, elementor, funiture-single, furniture, novaworks, products, woocommerce",,"https://vedbo.co/wp-content/uploads/2021/12/4-3.jpg, https://vedbo.co/wp-content/uploads/2021/12/4-1-1.jpg, https://vedbo.co/wp-content/uploads/2021/12/3-3.jpg, https://vedbo.co/wp-content/uploads/2021/12/3-1-1.jpg, https://vedbo.co/wp-content/uploads/2021/12/2-3.jpg, https://vedbo.co/wp-content/uploads/2021/12/2-1-1.jpg, https://vedbo.co/wp-content/uploads/2021/12/1-1-1.jpg",,,,,,,,,3,,,,,,,,,,,,,,,,,,,,
1932,variable,,"Corner Chair",1,0,visible,"Why We Love It\nBring the outdoors in with this light and airy piece - its elegantly curved silhouette boasts caning and brass accents that are well-suited for a luxe sun room, while a deep seat and loose, down-filled cushions create an inviting respite for lounging and entertaining.","[elementor-template id=""2185""]",,,taxable,,1,,,0,0,,,,,1,,,,Furniture,"creative, design, elementor, funiture-single, furniture, novaworks, products, woocommerce",,"https://vedbo.co/wp-content/uploads/2021/12/3-3.jpg, https://vedbo.co/wp-content/uploads/2021/12/3-1-1.jpg, https://vedbo.co/wp-content/uploads/2021/12/2-3.jpg, https://vedbo.co/wp-content/uploads/2021/12/2-1-1.jpg, https://vedbo.co/wp-content/uploads/2021/12/1-1-1.jpg, https://vedbo.co/wp-content/uploads/2021/12/1-3.jpg, https://vedbo.co/wp-content/uploads/2021/12/4-3.jpg",,,,,,,,,0,"{""Color"":{""name"":""Color"",""type"":""color"",""terms"":{""Blue"":{""name"":""Blue"",""color"":""#1e73be"",""image"":"""",""show_tooltip"":"""",""tooltip_text"":"""",""tooltip_image"":"""",""image_size"":""""},""Gray"":{""name"":""Gray"",""color"":""#999999"",""image"":"""",""show_tooltip"":"""",""tooltip_text"":"""",""tooltip_image"":"""",""image_size"":""""},""Green"":{""name"":""Green"",""color"":""#81d742"",""image"":"""",""show_tooltip"":"""",""tooltip_text"":"""",""tooltip_image"":"""",""image_size"":""""},""Red"":{""name"":""Red"",""color"":""#dd3333"",""image"":"""",""show_tooltip"":"""",""tooltip_text"":"""",""tooltip_image"":"""",""image_size"":""""},""Yellow"":{""name"":""Yellow"",""color"":""#eeee22"",""image"":"""",""show_tooltip"":"""",""tooltip_text"":"""",""tooltip_image"":"""",""image_size"":""""}}}}",Color,"Blue, Gray, Green, Red, Yellow",0,1,Material,"Range 1, Range 2, Range 3",0,1,Corner,"Left corner, Right corner",0,1,Blue,"Range 3","Left corner",,,,
1933,variable,,Cantaloupe,1,0,visible,"Why We Love It\nBring the outdoors in with this light and airy piece - its elegantly curved silhouette boasts caning and brass accents that are well-suited for a luxe sun room, while a deep seat and loose, down-filled cushions create an inviting respite for lounging and entertaining.","[elementor-template id=""2185""]",,,taxable,,1,,,0,0,,,,,1,,,,Furniture,"creative, design, elementor, funiture-single, furniture, novaworks, products, woocommerce",,"https://vedbo.co/wp-content/uploads/2021/12/2-3.jpg, https://vedbo.co/wp-content/uploads/2021/12/2-1-1.jpg, https://vedbo.co/wp-content/uploads/2021/12/3-1-1.jpg, https://vedbo.co/wp-content/uploads/2021/12/3-3.jpg, https://vedbo.co/wp-content/uploads/2021/12/4-1-1.jpg, https://vedbo.co/wp-content/uploads/2021/12/4-3.jpg, https://vedbo.co/wp-content/uploads/2021/12/1-1-1.jpg",,,,,,,,,5,"{""Color"":{""name"":""Color"",""type"":""color"",""terms"":{""Blue"":{""name"":""Blue"",""color"":""#1e73be"",""image"":"""",""show_tooltip"":"""",""tooltip_text"":"""",""tooltip_image"":"""",""image_size"":""""},""Gray"":{""name"":""Gray"",""color"":""#999999"",""image"":"""",""show_tooltip"":"""",""tooltip_text"":"""",""tooltip_image"":"""",""image_size"":""""},""Green"":{""name"":""Green"",""color"":""#81d742"",""image"":"""",""show_tooltip"":"""",""tooltip_text"":"""",""tooltip_image"":"""",""image_size"":""""},""Red"":{""name"":""Red"",""color"":""#dd3333"",""image"":"""",""show_tooltip"":"""",""tooltip_text"":"""",""tooltip_image"":"""",""image_size"":""""},""Yellow"":{""name"":""Yellow"",""color"":""#eeee22"",""image"":"""",""show_tooltip"":"""",""tooltip_text"":"""",""tooltip_image"":"""",""image_size"":""""}}}}",Color,"Blue, Gray, Green, Red, Yellow",0,1,Material,"Range 1, Range 2, Range 3",0,1,Corner,"Left corner, Right corner",0,1,,,,,,,
1934,simple,,"Weekend - Sofa",1,0,visible,"Why We Love It\nBring the outdoors in with this light and airy piece – its elegantly curved silhouette boasts caning and brass accents that are well-suited for a luxe sun room, while a deep seat and loose, down-filled cushions create an inviting respite for lounging and entertaining.","[elementor-template id=""2185""]",,,taxable,,1,,,0,0,,,,,1,,450,500,Furniture,"creative, design, elementor, funiture-single, furniture, novaworks, products, woocommerce",,"https://vedbo.co/wp-content/uploads/2021/12/7-3.jpg, https://vedbo.co/wp-content/uploads/2021/12/7-1-1.jpg, https://vedbo.co/wp-content/uploads/2021/12/6-3.jpg, https://vedbo.co/wp-content/uploads/2021/12/6-1-1.jpg, https://vedbo.co/wp-content/uploads/2021/12/5-3.jpg, https://vedbo.co/wp-content/uploads/2021/12/4-3.jpg",,,,,,,,,8,,,,,,,,,,,,,,,,,,,,
1935,simple,,"Carbono 221",1,0,visible,"Why We Love It\nBring the outdoors in with this light and airy piece – its elegantly curved silhouette boasts caning and brass accents that are well-suited for a luxe sun room, while a deep seat and loose, down-filled cushions create an inviting respite for lounging and entertaining.","[elementor-template id=""2185""]",,,taxable,,1,,,0,0,,,,,1,,,299,Furniture,"creative, design, elementor, funiture-single, furniture, novaworks, products, woocommerce",,"https://vedbo.co/wp-content/uploads/2021/12/8-3.jpg, https://vedbo.co/wp-content/uploads/2021/12/8-1-1.jpg, https://vedbo.co/wp-content/uploads/2021/12/7-3.jpg, https://vedbo.co/wp-content/uploads/2021/12/7-1-1.jpg, https://vedbo.co/wp-content/uploads/2021/12/6-3.jpg, https://vedbo.co/wp-content/uploads/2021/12/6-1-1.jpg, https://vedbo.co/wp-content/uploads/2021/12/5-3.jpg",,,,,,,,,7,,,,,,,,,,,,,,,,,,,,
1936,variable,,"Carbono 217",1,0,visible,"Why We Love It\nBring the outdoors in with this light and airy piece - its elegantly curved silhouette boasts caning and brass accents that are well-suited for a luxe sun room, while a deep seat and loose, down-filled cushions create an inviting respite for lounging and entertaining.","[elementor-template id=""2185""]",,,taxable,,1,,,0,0,,,,,1,,,,Furniture,"creative, design, elementor, funiture-single, furniture, novaworks, products, woocommerce",,"https://vedbo.co/wp-content/uploads/2021/12/9-3.jpg, https://vedbo.co/wp-content/uploads/2021/12/9-1-1.jpg, https://vedbo.co/wp-content/uploads/2021/12/8-3.jpg, https://vedbo.co/wp-content/uploads/2021/12/8-1-1.jpg, https://vedbo.co/wp-content/uploads/2021/12/7-3.jpg, https://vedbo.co/wp-content/uploads/2021/12/7-1-1.jpg, https://vedbo.co/wp-content/uploads/2021/12/6-3.jpg",,,,,,,,,9,"{""Color"":{""name"":""Color"",""type"":""color"",""terms"":{""Blue"":{""name"":""Blue"",""color"":""#1e73be"",""image"":"""",""show_tooltip"":"""",""tooltip_text"":"""",""tooltip_image"":"""",""image_size"":""""},""Gray"":{""name"":""Gray"",""color"":""#999999"",""image"":"""",""show_tooltip"":"""",""tooltip_text"":"""",""tooltip_image"":"""",""image_size"":""""},""Green"":{""name"":""Green"",""color"":""#81d742"",""image"":"""",""show_tooltip"":"""",""tooltip_text"":"""",""tooltip_image"":"""",""image_size"":""""},""Red"":{""name"":""Red"",""color"":""#dd3333"",""image"":"""",""show_tooltip"":"""",""tooltip_text"":"""",""tooltip_image"":"""",""image_size"":""""},""Yellow"":{""name"":""Yellow"",""color"":""#eeee22"",""image"":"""",""show_tooltip"":"""",""tooltip_text"":"""",""tooltip_image"":"""",""image_size"":""""}}}}",Color,"Blue, Gray, Green, Red, Yellow",0,1,Material,"Range 1, Range 2, Range 3",0,1,Corner,"Left corner, Right corner",0,1,,,,,,,
1937,variable,,"Carbono 220",1,0,visible,"Why We Love It\nBring the outdoors in with this light and airy piece - its elegantly curved silhouette boasts caning and brass accents that are well-suited for a luxe sun room, while a deep seat and loose, down-filled cushions create an inviting respite for lounging and entertaining.","[elementor-template id=""2185""]",,,taxable,,1,,,0,0,,,,,1,,,,Furniture,"creative, design, elementor, funiture-single, furniture, novaworks, products, woocommerce",,"https://vedbo.co/wp-content/uploads/2021/12/10-3.jpg, https://vedbo.co/wp-content/uploads/2021/12/10-1-1.jpg, https://vedbo.co/wp-content/uploads/2021/12/9-3.jpg, https://vedbo.co/wp-content/uploads/2021/12/9-1-1.jpg, https://vedbo.co/wp-content/uploads/2021/12/8-3.jpg, https://vedbo.co/wp-content/uploads/2021/12/8-1-1.jpg, https://vedbo.co/wp-content/uploads/2021/12/7-3.jpg",,,,,,,,,10,"{""Color"":{""name"":""Color"",""type"":""color"",""terms"":{""Blue"":{""name"":""Blue"",""color"":""#1e73be"",""image"":"""",""show_tooltip"":"""",""tooltip_text"":"""",""tooltip_image"":"""",""image_size"":""""},""Gray"":{""name"":""Gray"",""color"":""#999999"",""image"":"""",""show_tooltip"":"""",""tooltip_text"":"""",""tooltip_image"":"""",""image_size"":""""},""Green"":{""name"":""Green"",""color"":""#81d742"",""image"":"""",""show_tooltip"":"""",""tooltip_text"":"""",""tooltip_image"":"""",""image_size"":""""},""Red"":{""name"":""Red"",""color"":""#dd3333"",""image"":"""",""show_tooltip"":"""",""tooltip_text"":"""",""tooltip_image"":"""",""image_size"":""""},""Yellow"":{""name"":""Yellow"",""color"":""#eeee22"",""image"":"""",""show_tooltip"":"""",""tooltip_text"":"""",""tooltip_image"":"""",""image_size"":""""}}}}",Color,"Blue, Gray, Green, Red, Yellow",0,1,Material,"Range 1, Range 2, Range 3",0,1,Corner,"Left corner, Right corner",0,1,,,,,,,
1938,variable,,Sloopy,1,0,visible,"Why We Love It\nBring the outdoors in with this light and airy piece - its elegantly curved silhouette boasts caning and brass accents that are well-suited for a luxe sun room, while a deep seat and loose, down-filled cushions create an inviting respite for lounging and entertaining.","[elementor-template id=""2185""]",,,taxable,,1,,,0,0,,,,,1,,,,Furniture,"creative, design, elementor, funiture-single, furniture, novaworks, products, woocommerce",,"https://vedbo.co/wp-content/uploads/2021/12/11-3.jpg, https://vedbo.co/wp-content/uploads/2021/12/11-1-1.jpg, https://vedbo.co/wp-content/uploads/2021/12/10-3.jpg, https://vedbo.co/wp-content/uploads/2021/12/10-1-1.jpg, https://vedbo.co/wp-content/uploads/2021/12/9-3.jpg, https://vedbo.co/wp-content/uploads/2021/12/9-1-1.jpg, https://vedbo.co/wp-content/uploads/2021/12/8-3.jpg",,,,,,,,,11,"{""Color"":{""name"":""Color"",""type"":""color"",""terms"":{""Blue"":{""name"":""Blue"",""color"":""#1e73be"",""image"":"""",""show_tooltip"":"""",""tooltip_text"":"""",""tooltip_image"":"""",""image_size"":""""},""Gray"":{""name"":""Gray"",""color"":""#999999"",""image"":"""",""show_tooltip"":"""",""tooltip_text"":"""",""tooltip_image"":"""",""image_size"":""""},""Green"":{""name"":""Green"",""color"":""#81d742"",""image"":"""",""show_tooltip"":"""",""tooltip_text"":"""",""tooltip_image"":"""",""image_size"":""""},""Red"":{""name"":""Red"",""color"":""#dd3333"",""image"":"""",""show_tooltip"":"""",""tooltip_text"":"""",""tooltip_image"":"""",""image_size"":""""},""Yellow"":{""name"":""Yellow"",""color"":""#eeee22"",""image"":"""",""show_tooltip"":"""",""tooltip_text"":"""",""tooltip_image"":"""",""image_size"":""""}}}}",Color,"Blue, Gray, Green, Red, Yellow",0,1,Material,"Range 1, Range 2, Range 3",0,1,Corner,"Left corner, Right corner",0,1,,,,,,,
1939,variable,,"Frame Loveseat",1,0,visible,"Why We Love It\nBring the outdoors in with this light and airy piece - its elegantly curved silhouette boasts caning and brass accents that are well-suited for a luxe sun room, while a deep seat and loose, down-filled cushions create an inviting respite for lounging and entertaining.","[elementor-template id=""2185""]",,,taxable,,1,,,0,0,,,,,1,,,,Furniture,"creative, design, elementor, funiture-single, furniture, novaworks, products, woocommerce",,"https://vedbo.co/wp-content/uploads/2021/12/12-3.jpg, https://vedbo.co/wp-content/uploads/2021/12/12-1-1.jpg, https://vedbo.co/wp-content/uploads/2021/12/11-3.jpg, https://vedbo.co/wp-content/uploads/2021/12/11-1-1.jpg, https://vedbo.co/wp-content/uploads/2021/12/10-3.jpg, https://vedbo.co/wp-content/uploads/2021/12/10-1-1.jpg, https://vedbo.co/wp-content/uploads/2021/12/9-3.jpg",,,,,,,,,12,"{""Color"":{""name"":""Color"",""type"":""color"",""terms"":{""Blue"":{""name"":""Blue"",""color"":""#1e73be"",""image"":"""",""show_tooltip"":"""",""tooltip_text"":"""",""tooltip_image"":"""",""image_size"":""""},""Gray"":{""name"":""Gray"",""color"":""#999999"",""image"":"""",""show_tooltip"":"""",""tooltip_text"":"""",""tooltip_image"":"""",""image_size"":""""},""Green"":{""name"":""Green"",""color"":""#81d742"",""image"":"""",""show_tooltip"":"""",""tooltip_text"":"""",""tooltip_image"":"""",""image_size"":""""},""Red"":{""name"":""Red"",""color"":""#dd3333"",""image"":"""",""show_tooltip"":"""",""tooltip_text"":"""",""tooltip_image"":"""",""image_size"":""""},""Yellow"":{""name"":""Yellow"",""color"":""#eeee22"",""image"":"""",""show_tooltip"":"""",""tooltip_text"":"""",""tooltip_image"":"""",""image_size"":""""}}}}",Color,"Blue, Gray, Green, Red, Yellow",0,1,Material,"Range 1, Range 2, Range 3",0,1,Corner,"Left corner, Right corner",0,1,,,,,,,
1940,grouped,,"Lupo 3 Seater",1,0,visible,"Why We Love It\nBring the outdoors in with this light and airy piece – its elegantly curved silhouette boasts caning and brass accents that are well-suited for a luxe sun room, while a deep seat and loose, down-filled cushions create an inviting respite for lounging and entertaining.","[elementor-template id=""2185""]",,,taxable,,1,,,0,0,,,,,1,,,,Furniture,"creative, design, elementor, funiture-single, furniture, novaworks, products, woocommerce",,"https://vedbo.co/wp-content/uploads/2021/12/13-3.jpg, https://vedbo.co/wp-content/uploads/2021/12/13-1-1.jpg, https://vedbo.co/wp-content/uploads/2021/12/12-3.jpg, https://vedbo.co/wp-content/uploads/2021/12/12-1-1.jpg, https://vedbo.co/wp-content/uploads/2021/12/11-3.jpg, https://vedbo.co/wp-content/uploads/2021/12/11-1-1.jpg, https://vedbo.co/wp-content/uploads/2021/12/10-3.jpg",,,,"id:1928, id:1929, id:1931",,,,,13,,,,,,,,,,,,,,,,,,,,
1941,"simple, downloadable",,"Haru Large",1,0,visible,"Why We Love It\nBring the outdoors in with this light and airy piece – its elegantly curved silhouette boasts caning and brass accents that are well-suited for a luxe sun room, while a deep seat and loose, down-filled cushions create an inviting respite for lounging and entertaining.","[elementor-template id=""2185""]",,,taxable,,1,,,0,0,,,,,1,,,200,Furniture,"creative, design, elementor, funiture-single, furniture, novaworks, products, woocommerce",,"https://vedbo.co/wp-content/uploads/2021/12/16-3.jpg, https://vedbo.co/wp-content/uploads/2021/12/16-1-1.jpg, https://vedbo.co/wp-content/uploads/2021/12/13-3.jpg, https://vedbo.co/wp-content/uploads/2021/12/13-1-1.jpg, https://vedbo.co/wp-content/uploads/2021/12/12-3.jpg, https://vedbo.co/wp-content/uploads/2021/12/12-1-1.jpg, https://vedbo.co/wp-content/uploads/2021/12/11-3.jpg",'-1,'-1,,,,,,,14,,,,,,,,,,,,,,,,,,efbf08ee-df0c-4943-9c3b-b9d95568a1f4,m1_slider_chair_2.png,https://nyture.novaworks.net/wp-content/uploads/2020/10/m1_slider_chair_2.png
1942,external,,"Haru Small",1,0,visible,"Why We Love It\nBring the outdoors in with this light and airy piece – its elegantly curved silhouette boasts caning and brass accents that are well-suited for a luxe sun room, while a deep seat and loose, down-filled cushions create an inviting respite for lounging and entertaining.","[elementor-template id=""2185""]",,,taxable,,1,,,0,0,,,,,1,,200,250,Furniture,"creative, design, elementor, funiture-single, furniture, novaworks, products, woocommerce",,"https://vedbo.co/wp-content/uploads/2021/12/15-2.jpg, https://vedbo.co/wp-content/uploads/2021/12/15-1-1.jpg, https://vedbo.co/wp-content/uploads/2021/12/16-3.jpg, https://vedbo.co/wp-content/uploads/2021/12/16-1-1.jpg, https://vedbo.co/wp-content/uploads/2021/12/13-3.jpg, https://vedbo.co/wp-content/uploads/2021/12/13-1-1.jpg, https://vedbo.co/wp-content/uploads/2021/12/12-3.jpg",,,,,,,https://casanha.com/collections/best-product-for-living-room/products/orphan-3-seater-sofa-great-smokies-range-4,,14,,,,,,,,,,,,,,,,,,,,
1943,simple,,"Haru Single",1,0,visible,"<p>Why We Love It Bring the outdoors in with this light and airy piece – its elegantly curved silhouette boasts caning and brass accents that are well-suited for a luxe sun room, while a deep seat and loose, down-filled cushions create an inviting respite for lounging and entertaining.</p>","<p><!-- wp:paragraph --></p>\n<p>[elementor-template id=""2185""]</p>\n<p><!-- /wp:paragraph --></p>",,,taxable,,1,,,0,0,,,,,1,,,250,Furniture,"creative, design, elementor, funiture-single, furniture, novaworks, products, woocommerce",,"https://vedbo.co/wp-content/uploads/2021/12/14-2.jpg, https://vedbo.co/wp-content/uploads/2021/12/14-1-1.jpg, https://vedbo.co/wp-content/uploads/2021/12/15-2.jpg, https://vedbo.co/wp-content/uploads/2021/12/15-1-1.jpg, https://vedbo.co/wp-content/uploads/2021/12/16-3.jpg, https://vedbo.co/wp-content/uploads/2021/12/16-1-1.jpg, https://vedbo.co/wp-content/uploads/2021/12/13-3.jpg",,,,,,,,,15,,,,,,,,,,,,,,,,,,,,
2005,variation,,"Elowen Banquette - Green, Range 2, Left corner",1,0,visible,,,,,taxable,parent,1,,,0,0,,,,,0,,,168,,,,,,,id:1928,,,,,,13,,Color,Green,,1,Material,"Range 2",,1,Corner,"Left corner",,1,,,,,,,
2002,variation,,"Elowen Banquette - Gray, Range 2, Left corner",1,0,visible,,,,,taxable,parent,1,,,0,0,,,,,0,,,168,,,,,,,id:1928,,,,,,12,,Color,Gray,,1,Material,"Range 2",,1,Corner,"Left corner",,1,,,,,,,
1998,variation,,"Elowen Banquette - Green, Range 1, Right corner",1,0,visible,,,,,taxable,parent,1,,,0,0,,,,,0,,,168,,,,,,,id:1928,,,,,,8,,Color,Green,,1,Material,"Range 1",,1,Corner,"Right corner",,1,,,,,,,
1999,variation,,"Elowen Banquette - Red, Range 1, Right corner",1,0,visible,,,,,taxable,parent,1,,,0,0,,,,,0,,,168,,,,,,,id:1928,,,,,,9,,Color,Red,,1,Material,"Range 1",,1,Corner,"Right corner",,1,,,,,,,
2000,variation,,"Elowen Banquette - Yellow, Range 1, Right corner",1,0,visible,,,,,taxable,parent,1,,,0,0,,,,,0,,,168,,,,,,,id:1928,,,,,,10,,Color,Yellow,,1,Material,"Range 1",,1,Corner,"Right corner",,1,,,,,,,
2001,variation,,"Elowen Banquette - Blue, Range 2, Left corner",1,0,visible,,,,,taxable,parent,1,,,0,0,,,,,0,,,168,,,,,,,id:1928,,,,,,11,,Color,Blue,,1,Material,"Range 2",,1,Corner,"Left corner",,1,,,,,,,
1983,variation,,"Elowen Banquette - Green, Range 1, Left corner",1,0,visible,,,,,taxable,parent,1,,,0,0,,,,,0,,,168,,,,,,,id:1928,,,,,,3,,Color,Green,,1,Material,"Range 1",,1,Corner,"Left corner",,1,,,,,,,
1984,variation,,"Elowen Banquette - Red, Range 1, Left corner",1,0,visible,,,,,taxable,parent,1,,,0,0,,,,,0,,,168,,,,,,,id:1928,,,,,,4,,Color,Red,,1,Material,"Range 1",,1,Corner,"Left corner",,1,,,,,,,
1985,variation,,"Elowen Banquette - Yellow, Range 1, Left corner",1,0,visible,,,,,taxable,parent,1,,,0,0,,,,,0,,,168,,,,,,,id:1928,,,,,,5,,Color,Yellow,,1,Material,"Range 1",,1,Corner,"Left corner",,1,,,,,,,
1986,variation,,"Elowen Banquette - Blue, Range 1, Right corner",1,0,visible,,,,,taxable,parent,1,,,0,0,,,,,0,,,168,,,,,,,id:1928,,,,,,6,,Color,Blue,,1,Material,"Range 1",,1,Corner,"Right corner",,1,,,,,,,
1987,variation,,"Elowen Banquette - Gray, Range 1, Right corner",1,0,visible,,,,,taxable,parent,1,,,0,0,,,,,0,,,168,,,,,,,id:1928,,,,,,7,,Color,Gray,,1,Material,"Range 1",,1,Corner,"Right corner",,1,,,,,,,
1969,variation,,"Elowen Banquette - Red, Range 3, Left corner",1,0,visible,,,,,taxable,parent,1,,,0,0,,,,,0,,,168,,,,,,,id:1928,,,,,,24,,Color,Red,,1,Material,"Range 3",,1,Corner,"Left corner",,1,,,,,,,
1970,variation,,"Elowen Banquette - Yellow, Range 3, Left corner",1,0,visible,,,,,taxable,parent,1,,,0,0,,,,,0,,,168,,,,,,,id:1928,,,,,,25,,Color,Yellow,,1,Material,"Range 3",,1,Corner,"Left corner",,1,,,,,,,
1971,variation,,"Elowen Banquette - Blue, Range 1, Left corner",1,0,visible,,,,,taxable,parent,1,,,0,0,,,,,0,,,168,,,,,,,id:1928,,,,,,1,,Color,Blue,,1,Material,"Range 1",,1,Corner,"Left corner",,1,,,,,,,
1972,variation,,"Elowen Banquette - Gray, Range 1, Left corner",1,0,visible,,,,,taxable,parent,1,,,0,0,,,,,0,,,168,,,,,,,id:1928,,,,,,2,,Color,Gray,,1,Material,"Range 1",,1,Corner,"Left corner",,1,,,,,,,
1968,variation,,"Elowen Banquette - Green, Range 3, Left corner",1,0,visible,,,,,taxable,parent,1,,,0,0,,,,,0,,,168,,,,,,,id:1928,,,,,,23,,Color,Green,,1,Material,"Range 3",,1,Corner,"Left corner",,1,,,,,,,
1952,variation,,"Elowen Banquette - Gray, Range 2, Right corner",1,0,visible,,,,,taxable,parent,1,,,0,0,,,,,0,,,168,,,,,,,id:1928,,,,,,17,,Color,Gray,,1,Material,"Range 2",,1,Corner,"Right corner",,1,,,,,,,
1953,variation,,"Elowen Banquette - Green, Range 2, Right corner",1,0,visible,,,,,taxable,parent,1,,,0,0,,,,,0,,,168,,,,,,,id:1928,,,,,,18,,Color,Green,,1,Material,"Range 2",,1,Corner,"Right corner",,1,,,,,,,
1954,variation,,"Elowen Banquette - Red, Range 2, Right corner",1,0,visible,,,,,taxable,parent,1,,,0,0,,,,,0,,,168,,,,,,,id:1928,,,,,,19,,Color,Red,,1,Material,"Range 2",,1,Corner,"Right corner",,1,,,,,,,
1955,variation,,"Elowen Banquette - Yellow, Range 2, Right corner",1,0,visible,,,,,taxable,parent,1,,,0,0,,,,,0,,,168,,,,,,,id:1928,,,,,,20,,Color,Yellow,,1,Material,"Range 2",,1,Corner,"Right corner",,1,,,,,,,
1956,variation,,"Elowen Banquette - Blue, Range 3, Left corner",1,0,visible,,,,,taxable,parent,1,,,0,0,,,,,0,,,168,,,,,,,id:1928,,,,,,21,,Color,Blue,,1,Material,"Range 3",,1,Corner,"Left corner",,1,,,,,,,
1957,variation,,"Elowen Banquette - Gray, Range 3, Left corner",1,0,visible,,,,,taxable,parent,1,,,0,0,,,,,0,,,168,,,,,,,id:1928,,,,,,22,,Color,Gray,,1,Material,"Range 3",,1,Corner,"Left corner",,1,,,,,,,
1944,variation,,"Elowen Banquette - Blue, Range 3, Right corner",1,0,visible,,,,,taxable,parent,1,,,0,0,,,,,0,,,168,,,,,,,id:1928,,,,,,26,,Color,Blue,,1,Material,"Range 3",,1,Corner,"Right corner",,1,,,,,,,
1945,variation,,"Elowen Banquette - Gray, Range 3, Right corner",1,0,visible,,,,,taxable,parent,1,,,0,0,,,,,0,,,168,,,,,,,id:1928,,,,,,27,,Color,Gray,,1,Material,"Range 3",,1,Corner,"Right corner",,1,,,,,,,
1946,variation,,"Elowen Banquette - Green, Range 3, Right corner",1,0,visible,,,,,taxable,parent,1,,,0,0,,,,,0,,,168,,,,,,,id:1928,,,,,,28,,Color,Green,,1,Material,"Range 3",,1,Corner,"Right corner",,1,,,,,,,
1947,variation,,"Elowen Banquette - Red, Range 3, Right corner",1,0,visible,,,,,taxable,parent,1,,,0,0,,,,,0,,,168,,,,,,,id:1928,,,,,,29,,Color,Red,,1,Material,"Range 3",,1,Corner,"Right corner",,1,,,,,,,
1948,variation,,"Elowen Banquette - Yellow, Range 3, Right corner",1,0,visible,,,,,taxable,parent,1,,,0,0,,,,,0,,,168,,,,,,,id:1928,,,,,,30,,Color,Yellow,,1,Material,"Range 3",,1,Corner,"Right corner",,1,,,,,,,
1949,variation,,"Elowen Banquette - Red, Range 2, Left corner",1,0,visible,,,,,taxable,parent,1,,,0,0,,,,,0,,,168,,,,,,,id:1928,,,,,,14,,Color,Red,,1,Material,"Range 2",,1,Corner,"Left corner",,1,,,,,,,
1950,variation,,"Elowen Banquette - Yellow, Range 2, Left corner",1,0,visible,,,,,taxable,parent,1,,,0,0,,,,,0,,,168,,,,,,,id:1928,,,,,,15,,Color,Yellow,,1,Material,"Range 2",,1,Corner,"Left corner",,1,,,,,,,
1951,variation,,"Elowen Banquette - Blue, Range 2, Right corner",1,0,visible,,,,,taxable,parent,1,,,0,0,,,,,0,,,168,,,,,,,id:1928,,,,,,16,,Color,Blue,,1,Material,"Range 2",,1,Corner,"Right corner",,1,,,,,,,
2035,variation,,"Corner Chair - Red, Range 1, Left corner",1,0,visible,,,,,taxable,parent,1,,,0,0,,,,,0,,,168,,,,,,,id:1932,,,,,,4,,Color,Red,,1,Material,"Range 1",,1,Corner,"Left corner",,1,,,,,,,
2022,variation,,"Corner Chair - Blue, Range 1, Right corner",1,0,visible,,,,,taxable,parent,1,,,0,0,,,,,0,,,168,,,,,,,id:1932,,,,,,6,,Color,Blue,,1,Material,"Range 1",,1,Corner,"Right corner",,1,,,,,,,
2023,variation,,"Corner Chair - Gray, Range 1, Right corner",1,0,visible,,,,,taxable,parent,1,,,0,0,,,,,0,,,168,,,,,,,id:1932,,,,,,7,,Color,Gray,,1,Material,"Range 1",,1,Corner,"Right corner",,1,,,,,,,
2024,variation,,"Corner Chair - Green, Range 1, Right corner",1,0,visible,,,,,taxable,parent,1,,,0,0,,,,,0,,,168,,,,,,,id:1932,,,,,,8,,Color,Green,,1,Material,"Range 1",,1,Corner,"Right corner",,1,,,,,,,
2025,variation,,"Corner Chair - Red, Range 1, Right corner",1,0,visible,,,,,taxable,parent,1,,,0,0,,,,,0,,,168,,,,,,,id:1932,,,,,,9,,Color,Red,,1,Material,"Range 1",,1,Corner,"Right corner",,1,,,,,,,
2026,variation,,"Corner Chair - Yellow, Range 1, Right corner",1,0,visible,,,,,taxable,parent,1,,,0,0,,,,,0,,,168,,,,,,,id:1932,,,,,,10,,Color,Yellow,,1,Material,"Range 1",,1,Corner,"Right corner",,1,,,,,,,
2027,variation,,"Corner Chair - Blue, Range 2, Left corner",1,0,visible,,,,,taxable,parent,1,,,0,0,,,,,0,,,168,,,,,,,id:1932,,,,,,11,,Color,Blue,,1,Material,"Range 2",,1,Corner,"Left corner",,1,,,,,,,
2028,variation,,"Corner Chair - Gray, Range 2, Left corner",1,0,visible,,,,,taxable,parent,1,,,0,0,,,,,0,,,168,,,,,,,id:1932,,,,,,12,,Color,Gray,,1,Material,"Range 2",,1,Corner,"Left corner",,1,,,,,,,
2029,variation,,"Corner Chair - Green, Range 2, Left corner",1,0,visible,,,,,taxable,parent,1,,,0,0,,,,,0,,,168,,,,,,,id:1932,,,,,,13,,Color,Green,,1,Material,"Range 2",,1,Corner,"Left corner",,1,,,,,,,
2030,variation,,"Corner Chair - Red, Range 2, Left corner",1,0,visible,,,,,taxable,parent,1,,,0,0,,,,,0,,,168,,,,,,,id:1932,,,,,,14,,Color,Red,,1,Material,"Range 2",,1,Corner,"Left corner",,1,,,,,,,
2031,variation,,"Corner Chair - Yellow, Range 2, Left corner",1,0,visible,,,,,taxable,parent,1,,,0,0,,,,,0,,,168,,,,,,,id:1932,,,,,,15,,Color,Yellow,,1,Material,"Range 2",,1,Corner,"Left corner",,1,,,,,,,
2032,variation,,"Corner Chair - Blue, Range 1, Left corner",1,0,visible,,,,,taxable,parent,1,,,0,0,,,,,0,,,168,,,,,,,id:1932,,,,,,1,,Color,Blue,,1,Material,"Range 1",,1,Corner,"Left corner",,1,,,,,,,
2033,variation,,"Corner Chair - Gray, Range 1, Left corner",1,0,visible,,,,,taxable,parent,1,,,0,0,,,,,0,,,168,,,,,,,id:1932,,,,,,2,,Color,Gray,,1,Material,"Range 1",,1,Corner,"Left corner",,1,,,,,,,
2034,variation,,"Corner Chair - Green, Range 1, Left corner",1,0,visible,,,,,taxable,parent,1,,,0,0,,,,,0,,,168,,,,,,,id:1932,,,,,,3,,Color,Green,,1,Material,"Range 1",,1,Corner,"Left corner",,1,,,,,,,
2006,variation,,"Corner Chair - Gray, Range 3, Right corner",1,0,visible,,,,,taxable,parent,1,,,0,0,,,,,0,,,168,,,,,,,id:1932,,,,,,27,,Color,Gray,,1,Material,"Range 3",,1,Corner,"Right corner",,1,,,,,,,
2007,variation,,"Corner Chair - Green, Range 3, Right corner",1,0,visible,,,,,taxable,parent,1,,,0,0,,,,,0,,,168,,,,,,,id:1932,,,,,,28,,Color,Green,,1,Material,"Range 3",,1,Corner,"Right corner",,1,,,,,,,
2008,variation,,"Corner Chair - Red, Range 3, Right corner",1,0,visible,,,,,taxable,parent,1,,,0,0,,,,,0,,,168,,,,,,,id:1932,,,,,,29,,Color,Red,,1,Material,"Range 3",,1,Corner,"Right corner",,1,,,,,,,
2009,variation,,"Corner Chair - Yellow, Range 3, Right corner",1,0,visible,,,,,taxable,parent,1,,,0,0,,,,,0,,,168,,,,,,,id:1932,,,,,,30,,Color,Yellow,,1,Material,"Range 3",,1,Corner,"Right corner",,1,,,,,,,
2010,variation,,"Corner Chair - Blue, Range 2, Right corner",1,0,visible,,,,,taxable,parent,1,,,0,0,,,,,0,,,168,,,,,,,id:1932,,,,,,16,,Color,Blue,,1,Material,"Range 2",,1,Corner,"Right corner",,1,,,,,,,
2011,variation,,"Corner Chair - Gray, Range 2, Right corner",1,0,visible,,,,,taxable,parent,1,,,0,0,,,,,0,,,168,,,,,,,id:1932,,,,,,17,,Color,Gray,,1,Material,"Range 2",,1,Corner,"Right corner",,1,,,,,,,
2012,variation,,"Corner Chair - Green, Range 2, Right corner",1,0,visible,,,,,taxable,parent,1,,,0,0,,,,,0,,,168,,,,,,,id:1932,,,,,,18,,Color,Green,,1,Material,"Range 2",,1,Corner,"Right corner",,1,,,,,,,
2013,variation,,"Corner Chair - Red, Range 2, Right corner",1,0,visible,,,,,taxable,parent,1,,,0,0,,,,,0,,,168,,,,,,,id:1932,,,,,,19,,Color,Red,,1,Material,"Range 2",,1,Corner,"Right corner",,1,,,,,,,
2014,variation,,"Corner Chair - Yellow, Range 2, Right corner",1,0,visible,,,,,taxable,parent,1,,,0,0,,,,,0,,,168,,,,,,,id:1932,,,,,,20,,Color,Yellow,,1,Material,"Range 2",,1,Corner,"Right corner",,1,,,,,,,
2015,variation,,"Corner Chair - Blue, Range 3, Left corner",1,0,visible,,,,,taxable,parent,1,,,0,0,,,,,0,,,168,,,,,,,id:1932,,,,,,21,,Color,Blue,,1,Material,"Range 3",,1,Corner,"Left corner",,1,,,,,,,
2016,variation,,"Corner Chair - Gray, Range 3, Left corner",1,0,visible,,,,,taxable,parent,1,,,0,0,,,,,0,,,168,,,,,,,id:1932,,,,,,22,,Color,Gray,,1,Material,"Range 3",,1,Corner,"Left corner",,1,,,,,,,
2017,variation,,"Corner Chair - Green, Range 3, Left corner",1,0,visible,,,,,taxable,parent,1,,,0,0,,,,,0,,,168,,,,,,,id:1932,,,,,,23,,Color,Green,,1,Material,"Range 3",,1,Corner,"Left corner",,1,,,,,,,
2018,variation,,"Corner Chair - Red, Range 3, Left corner",1,0,visible,,,,,taxable,parent,1,,,0,0,,,,,0,,,168,,,,,,,id:1932,,,,,,24,,Color,Red,,1,Material,"Range 3",,1,Corner,"Left corner",,1,,,,,,,
2019,variation,,"Corner Chair - Yellow, Range 3, Left corner",1,0,visible,,,,,taxable,parent,1,,,0,0,,,,,0,,,168,,,,,,,id:1932,,,,,,25,,Color,Yellow,,1,Material,"Range 3",,1,Corner,"Left corner",,1,,,,,,,
2020,variation,,"Corner Chair - Blue, Range 3, Right corner",1,0,visible,,,,,taxable,parent,1,,,0,0,,,,,0,,,168,,,,,,,id:1932,,,,,,26,,Color,Blue,,1,Material,"Range 3",,1,Corner,"Right corner",,1,,,,,,,
2021,variation,,"Corner Chair - Yellow, Range 1, Left corner",1,0,visible,,,,,taxable,parent,1,,,0,0,,,,,0,,,168,,,,,,,id:1932,,,,,,5,,Color,Yellow,,1,Material,"Range 1",,1,Corner,"Left corner",,1,,,,,,,
2065,variation,,"Cantaloupe - Red, Range 1, Left corner",1,0,visible,,,,,taxable,parent,1,,,0,0,,,,,0,,,168,,,,,,,id:1933,,,,,,4,,Color,Red,,1,Material,"Range 1",,1,Corner,"Left corner",,1,,,,,,,
2053,variation,,"Cantaloupe - Gray, Range 1, Right corner",1,0,visible,,,,,taxable,parent,1,,,0,0,,,,,0,,,168,,,,,,,id:1933,,,,,,7,,Color,Gray,,1,Material,"Range 1",,1,Corner,"Right corner",,1,,,,,,,
2054,variation,,"Cantaloupe - Green, Range 1, Right corner",1,0,visible,,,,,taxable,parent,1,,,0,0,,,,,0,,,168,,,,,,,id:1933,,,,,,8,,Color,Green,,1,Material,"Range 1",,1,Corner,"Right corner",,1,,,,,,,
2055,variation,,"Cantaloupe - Red, Range 1, Right corner",1,0,visible,,,,,taxable,parent,1,,,0,0,,,,,0,,,168,,,,,,,id:1933,,,,,,9,,Color,Red,,1,Material,"Range 1",,1,Corner,"Right corner",,1,,,,,,,
2056,variation,,"Cantaloupe - Yellow, Range 1, Right corner",1,0,visible,,,,,taxable,parent,1,,,0,0,,,,,0,,,168,,,,,,,id:1933,,,,,,10,,Color,Yellow,,1,Material,"Range 1",,1,Corner,"Right corner",,1,,,,,,,
2057,variation,,"Cantaloupe - Blue, Range 2, Left corner",1,0,visible,,,,,taxable,parent,1,,,0,0,,,,,0,,,168,,,,,,,id:1933,,,,,,11,,Color,Blue,,1,Material,"Range 2",,1,Corner,"Left corner",,1,,,,,,,
2058,variation,,"Cantaloupe - Gray, Range 2, Left corner",1,0,visible,,,,,taxable,parent,1,,,0,0,,,,,0,,,168,,,,,,,id:1933,,,,,,12,,Color,Gray,,1,Material,"Range 2",,1,Corner,"Left corner",,1,,,,,,,
2059,variation,,"Cantaloupe - Green, Range 2, Left corner",1,0,visible,,,,,taxable,parent,1,,,0,0,,,,,0,,,168,,,,,,,id:1933,,,,,,13,,Color,Green,,1,Material,"Range 2",,1,Corner,"Left corner",,1,,,,,,,
2060,variation,,"Cantaloupe - Red, Range 2, Left corner",1,0,visible,,,,,taxable,parent,1,,,0,0,,,,,0,,,168,,,,,,,id:1933,,,,,,14,,Color,Red,,1,Material,"Range 2",,1,Corner,"Left corner",,1,,,,,,,
2061,variation,,"Cantaloupe - Yellow, Range 2, Left corner",1,0,visible,,,,,taxable,parent,1,,,0,0,,,,,0,,,168,,,,,,,id:1933,,,,,,15,,Color,Yellow,,1,Material,"Range 2",,1,Corner,"Left corner",,1,,,,,,,
2062,variation,,"Cantaloupe - Blue, Range 1, Left corner",1,0,visible,,,,,taxable,parent,1,,,0,0,,,,,0,,,168,,,,,,,id:1933,,,,,,1,,Color,Blue,,1,Material,"Range 1",,1,Corner,"Left corner",,1,,,,,,,
2063,variation,,"Cantaloupe - Gray, Range 1, Left corner",1,0,visible,,,,,taxable,parent,1,,,0,0,,,,,0,,,168,,,,,,,id:1933,,,,,,2,,Color,Gray,,1,Material,"Range 1",,1,Corner,"Left corner",,1,,,,,,,
2064,variation,,"Cantaloupe - Green, Range 1, Left corner",1,0,visible,,,,,taxable,parent,1,,,0,0,,,,,0,,,168,,,,,,,id:1933,,,,,,3,,Color,Green,,1,Material,"Range 1",,1,Corner,"Left corner",,1,,,,,,,
2048,variation,,"Cantaloupe - Yellow, Range 3, Left corner",1,0,visible,,,,,taxable,parent,1,,,0,0,,,,,0,,,168,,,,,,,id:1933,,,,,,25,,Color,Yellow,,1,Material,"Range 3",,1,Corner,"Left corner",,1,,,,,,,
2049,variation,,"Cantaloupe - Blue, Range 3, Right corner",1,0,visible,,,,,taxable,parent,1,,,0,0,,,,,0,,,168,,,,,,,id:1933,,,,,,26,,Color,Blue,,1,Material,"Range 3",,1,Corner,"Right corner",,1,,,,,,,
2050,variation,,"Cantaloupe - Gray, Range 3, Right corner",1,0,visible,,,,,taxable,parent,1,,,0,0,,,,,0,,,168,,,,,,,id:1933,,,,,,27,,Color,Gray,,1,Material,"Range 3",,1,Corner,"Right corner",,1,,,,,,,
2051,variation,,"Cantaloupe - Yellow, Range 1, Left corner",1,0,visible,,,,,taxable,parent,1,,,0,0,,,,,0,,,168,,,,,,,id:1933,,,,,,5,,Color,Yellow,,1,Material,"Range 1",,1,Corner,"Left corner",,1,,,,,,,
2052,variation,,"Cantaloupe - Blue, Range 1, Right corner",1,0,visible,,,,,taxable,parent,1,,,0,0,,,,,0,,,168,,,,,,,id:1933,,,,,,6,,Color,Blue,,1,Material,"Range 1",,1,Corner,"Right corner",,1,,,,,,,
2036,variation,,"Cantaloupe - Green, Range 3, Right corner",1,0,visible,,,,,taxable,parent,1,,,0,0,,,,,0,,,168,,,,,,,id:1933,,,,,,28,,Color,Green,,1,Material,"Range 3",,1,Corner,"Right corner",,1,,,,,,,
2037,variation,,"Cantaloupe - Red, Range 3, Right corner",1,0,visible,,,,,taxable,parent,1,,,0,0,,,,,0,,,168,,,,,,,id:1933,,,,,,29,,Color,Red,,1,Material,"Range 3",,1,Corner,"Right corner",,1,,,,,,,
2038,variation,,"Cantaloupe - Yellow, Range 3, Right corner",1,0,visible,,,,,taxable,parent,1,,,0,0,,,,,0,,,168,,,,,,,id:1933,,,,,,30,,Color,Yellow,,1,Material,"Range 3",,1,Corner,"Right corner",,1,,,,,,,
2039,variation,,"Cantaloupe - Blue, Range 2, Right corner",1,0,visible,,,,,taxable,parent,1,,,0,0,,,,,0,,,168,,,,,,,id:1933,,,,,,16,,Color,Blue,,1,Material,"Range 2",,1,Corner,"Right corner",,1,,,,,,,
2040,variation,,"Cantaloupe - Gray, Range 2, Right corner",1,0,visible,,,,,taxable,parent,1,,,0,0,,,,,0,,,168,,,,,,,id:1933,,,,,,17,,Color,Gray,,1,Material,"Range 2",,1,Corner,"Right corner",,1,,,,,,,
2041,variation,,"Cantaloupe - Green, Range 2, Right corner",1,0,visible,,,,,taxable,parent,1,,,0,0,,,,,0,,,168,,,,,,,id:1933,,,,,,18,,Color,Green,,1,Material,"Range 2",,1,Corner,"Right corner",,1,,,,,,,
2042,variation,,"Cantaloupe - Red, Range 2, Right corner",1,0,visible,,,,,taxable,parent,1,,,0,0,,,,,0,,,168,,,,,,,id:1933,,,,,,19,,Color,Red,,1,Material,"Range 2",,1,Corner,"Right corner",,1,,,,,,,
2043,variation,,"Cantaloupe - Yellow, Range 2, Right corner",1,0,visible,,,,,taxable,parent,1,,,0,0,,,,,0,,,168,,,,,,,id:1933,,,,,,20,,Color,Yellow,,1,Material,"Range 2",,1,Corner,"Right corner",,1,,,,,,,
2044,variation,,"Cantaloupe - Blue, Range 3, Left corner",1,0,visible,,,,,taxable,parent,1,,,0,0,,,,,0,,,168,,,,,,,id:1933,,,,,,21,,Color,Blue,,1,Material,"Range 3",,1,Corner,"Left corner",,1,,,,,,,
2045,variation,,"Cantaloupe - Gray, Range 3, Left corner",1,0,visible,,,,,taxable,parent,1,,,0,0,,,,,0,,,168,,,,,,,id:1933,,,,,,22,,Color,Gray,,1,Material,"Range 3",,1,Corner,"Left corner",,1,,,,,,,
2046,variation,,"Cantaloupe - Green, Range 3, Left corner",1,0,visible,,,,,taxable,parent,1,,,0,0,,,,,0,,,168,,,,,,,id:1933,,,,,,23,,Color,Green,,1,Material,"Range 3",,1,Corner,"Left corner",,1,,,,,,,
2047,variation,,"Cantaloupe - Red, Range 3, Left corner",1,0,visible,,,,,taxable,parent,1,,,0,0,,,,,0,,,168,,,,,,,id:1933,,,,,,24,,Color,Red,,1,Material,"Range 3",,1,Corner,"Left corner",,1,,,,,,,
2095,variation,,"Carbono 217 - Blue, Range 1, Right corner",1,0,visible,,,,,taxable,parent,1,,,0,0,,,,,0,,,168,,,,,,,id:1936,,,,,,6,,Color,Blue,,1,Material,"Range 1",,1,Corner,"Right corner",,1,,,,,,,
2089,variation,,"Carbono 217 - Gray, Range 2, Right corner",1,0,visible,,,,,taxable,parent,1,,,0,0,,,,,0,,,168,,,,,,,id:1936,,,,,,17,,Color,Gray,,1,Material,"Range 2",,1,Corner,"Right corner",,1,,,,,,,
2090,variation,,"Carbono 217 - Blue, Range 1, Left corner",1,0,visible,,,,,taxable,parent,1,,,0,0,,,,,0,,,168,,,,,,,id:1936,,,,,,1,,Color,Blue,,1,Material,"Range 1",,1,Corner,"Left corner",,1,,,,,,,
2091,variation,,"Carbono 217 - Gray, Range 1, Left corner",1,0,visible,,,,,taxable,parent,1,,,0,0,,,,,0,,,168,,,,,,,id:1936,,,,,,2,,Color,Gray,,1,Material,"Range 1",,1,Corner,"Left corner",,1,,,,,,,
2092,variation,,"Carbono 217 - Green, Range 1, Left corner",1,0,visible,,,,,taxable,parent,1,,,0,0,,,,,0,,,168,,,,,,,id:1936,,,,,,3,,Color,Green,,1,Material,"Range 1",,1,Corner,"Left corner",,1,,,,,,,
2093,variation,,"Carbono 217 - Red, Range 1, Left corner",1,0,visible,,,,,taxable,parent,1,,,0,0,,,,,0,,,168,,,,,,,id:1936,,,,,,4,,Color,Red,,1,Material,"Range 1",,1,Corner,"Left corner",,1,,,,,,,
2094,variation,,"Carbono 217 - Yellow, Range 1, Left corner",1,0,visible,,,,,taxable,parent,1,,,0,0,,,,,0,,,168,,,,,,,id:1936,,,,,,5,,Color,Yellow,,1,Material,"Range 1",,1,Corner,"Left corner",,1,,,,,,,
2071,variation,,"Carbono 217 - Blue, Range 3, Left corner",1,0,visible,,,,,taxable,parent,1,,,0,0,,,,,0,,,168,,,,,,,id:1936,,,,,,21,,Color,Blue,,1,Material,"Range 3",,1,Corner,"Left corner",,1,,,,,,,
2072,variation,,"Carbono 217 - Gray, Range 3, Left corner",1,0,visible,,,,,taxable,parent,1,,,0,0,,,,,0,,,168,,,,,,,id:1936,,,,,,22,,Color,Gray,,1,Material,"Range 3",,1,Corner,"Left corner",,1,,,,,,,
2073,variation,,"Carbono 217 - Green, Range 3, Left corner",1,0,visible,,,,,taxable,parent,1,,,0,0,,,,,0,,,168,,,,,,,id:1936,,,,,,23,,Color,Green,,1,Material,"Range 3",,1,Corner,"Left corner",,1,,,,,,,
2074,variation,,"Carbono 217 - Red, Range 3, Left corner",1,0,visible,,,,,taxable,parent,1,,,0,0,,,,,0,,,168,,,,,,,id:1936,,,,,,24,,Color,Red,,1,Material,"Range 3",,1,Corner,"Left corner",,1,,,,,,,
2075,variation,,"Carbono 217 - Yellow, Range 3, Left corner",1,0,visible,,,,,taxable,parent,1,,,0,0,,,,,0,,,168,,,,,,,id:1936,,,,,,25,,Color,Yellow,,1,Material,"Range 3",,1,Corner,"Left corner",,1,,,,,,,
2076,variation,,"Carbono 217 - Blue, Range 3, Right corner",1,0,visible,,,,,taxable,parent,1,,,0,0,,,,,0,,,168,,,,,,,id:1936,,,,,,26,,Color,Blue,,1,Material,"Range 3",,1,Corner,"Right corner",,1,,,,,,,
2077,variation,,"Carbono 217 - Gray, Range 3, Right corner",1,0,visible,,,,,taxable,parent,1,,,0,0,,,,,0,,,168,,,,,,,id:1936,,,,,,27,,Color,Gray,,1,Material,"Range 3",,1,Corner,"Right corner",,1,,,,,,,
2078,variation,,"Carbono 217 - Green, Range 3, Right corner",1,0,visible,,,,,taxable,parent,1,,,0,0,,,,,0,,,168,,,,,,,id:1936,,,,,,28,,Color,Green,,1,Material,"Range 3",,1,Corner,"Right corner",,1,,,,,,,
2079,variation,,"Carbono 217 - Gray, Range 1, Right corner",1,0,visible,,,,,taxable,parent,1,,,0,0,,,,,0,,,168,,,,,,,id:1936,,,,,,7,,Color,Gray,,1,Material,"Range 1",,1,Corner,"Right corner",,1,,,,,,,
2080,variation,,"Carbono 217 - Green, Range 1, Right corner",1,0,visible,,,,,taxable,parent,1,,,0,0,,,,,0,,,168,,,,,,,id:1936,,,,,,8,,Color,Green,,1,Material,"Range 1",,1,Corner,"Right corner",,1,,,,,,,
2081,variation,,"Carbono 217 - Red, Range 1, Right corner",1,0,visible,,,,,taxable,parent,1,,,0,0,,,,,0,,,168,,,,,,,id:1936,,,,,,9,,Color,Red,,1,Material,"Range 1",,1,Corner,"Right corner",,1,,,,,,,
2082,variation,,"Carbono 217 - Yellow, Range 1, Right corner",1,0,visible,,,,,taxable,parent,1,,,0,0,,,,,0,,,168,,,,,,,id:1936,,,,,,10,,Color,Yellow,,1,Material,"Range 1",,1,Corner,"Right corner",,1,,,,,,,
2083,variation,,"Carbono 217 - Blue, Range 2, Left corner",1,0,visible,,,,,taxable,parent,1,,,0,0,,,,,0,,,168,,,,,,,id:1936,,,,,,11,,Color,Blue,,1,Material,"Range 2",,1,Corner,"Left corner",,1,,,,,,,
2084,variation,,"Carbono 217 - Gray, Range 2, Left corner",1,0,visible,,,,,taxable,parent,1,,,0,0,,,,,0,,,168,,,,,,,id:1936,,,,,,12,,Color,Gray,,1,Material,"Range 2",,1,Corner,"Left corner",,1,,,,,,,
2085,variation,,"Carbono 217 - Green, Range 2, Left corner",1,0,visible,,,,,taxable,parent,1,,,0,0,,,,,0,,,168,,,,,,,id:1936,,,,,,13,,Color,Green,,1,Material,"Range 2",,1,Corner,"Left corner",,1,,,,,,,
2086,variation,,"Carbono 217 - Red, Range 2, Left corner",1,0,visible,,,,,taxable,parent,1,,,0,0,,,,,0,,,168,,,,,,,id:1936,,,,,,14,,Color,Red,,1,Material,"Range 2",,1,Corner,"Left corner",,1,,,,,,,
2087,variation,,"Carbono 217 - Yellow, Range 2, Left corner",1,0,visible,,,,,taxable,parent,1,,,0,0,,,,,0,,,168,,,,,,,id:1936,,,,,,15,,Color,Yellow,,1,Material,"Range 2",,1,Corner,"Left corner",,1,,,,,,,
2088,variation,,"Carbono 217 - Blue, Range 2, Right corner",1,0,visible,,,,,taxable,parent,1,,,0,0,,,,,0,,,168,,,,,,,id:1936,,,,,,16,,Color,Blue,,1,Material,"Range 2",,1,Corner,"Right corner",,1,,,,,,,
2066,variation,,"Carbono 217 - Red, Range 3, Right corner",1,0,visible,,,,,taxable,parent,1,,,0,0,,,,,0,,,168,,,,,,,id:1936,,,,,,29,,Color,Red,,1,Material,"Range 3",,1,Corner,"Right corner",,1,,,,,,,
2067,variation,,"Carbono 217 - Yellow, Range 3, Right corner",1,0,visible,,,,,taxable,parent,1,,,0,0,,,,,0,,,168,,,,,,,id:1936,,,,,,30,,Color,Yellow,,1,Material,"Range 3",,1,Corner,"Right corner",,1,,,,,,,
2068,variation,,"Carbono 217 - Green, Range 2, Right corner",1,0,visible,,,,,taxable,parent,1,,,0,0,,,,,0,,,168,,,,,,,id:1936,,,,,,18,,Color,Green,,1,Material,"Range 2",,1,Corner,"Right corner",,1,,,,,,,
2069,variation,,"Carbono 217 - Red, Range 2, Right corner",1,0,visible,,,,,taxable,parent,1,,,0,0,,,,,0,,,168,,,,,,,id:1936,,,,,,19,,Color,Red,,1,Material,"Range 2",,1,Corner,"Right corner",,1,,,,,,,
2070,variation,,"Carbono 217 - Yellow, Range 2, Right corner",1,0,visible,,,,,taxable,parent,1,,,0,0,,,,,0,,,168,,,,,,,id:1936,,,,,,20,,Color,Yellow,,1,Material,"Range 2",,1,Corner,"Right corner",,1,,,,,,,
2125,variation,,"Carbono 220 - Red, Range 1, Left corner",1,0,visible,,,,,taxable,parent,1,,,0,0,,,,,0,,,168,,,,,,,id:1937,,,,,,4,,Color,Red,,1,Material,"Range 1",,1,Corner,"Left corner",,1,,,,,,,
2110,variation,,"Carbono 220 - Red, Range 3, Left corner",1,0,visible,,,,,taxable,parent,1,,,0,0,,,,,0,,,168,,,,,,,id:1937,,,,,,24,,Color,Red,,1,Material,"Range 3",,1,Corner,"Left corner",,1,,,,,,,
2111,variation,,"Carbono 220 - Yellow, Range 1, Left corner",1,0,visible,,,,,taxable,parent,1,,,0,0,,,,,0,,,168,,,,,,,id:1937,,,,,,5,,Color,Yellow,,1,Material,"Range 1",,1,Corner,"Left corner",,1,,,,,,,
2112,variation,,"Carbono 220 - Blue, Range 1, Right corner",1,0,visible,,,,,taxable,parent,1,,,0,0,,,,,0,,,168,,,,,,,id:1937,,,,,,6,,Color,Blue,,1,Material,"Range 1",,1,Corner,"Right corner",,1,,,,,,,
2113,variation,,"Carbono 220 - Gray, Range 1, Right corner",1,0,visible,,,,,taxable,parent,1,,,0,0,,,,,0,,,168,,,,,,,id:1937,,,,,,7,,Color,Gray,,1,Material,"Range 1",,1,Corner,"Right corner",,1,,,,,,,
2114,variation,,"Carbono 220 - Green, Range 1, Right corner",1,0,visible,,,,,taxable,parent,1,,,0,0,,,,,0,,,168,,,,,,,id:1937,,,,,,8,,Color,Green,,1,Material,"Range 1",,1,Corner,"Right corner",,1,,,,,,,
2115,variation,,"Carbono 220 - Red, Range 1, Right corner",1,0,visible,,,,,taxable,parent,1,,,0,0,,,,,0,,,168,,,,,,,id:1937,,,,,,9,,Color,Red,,1,Material,"Range 1",,1,Corner,"Right corner",,1,,,,,,,
2116,variation,,"Carbono 220 - Yellow, Range 1, Right corner",1,0,visible,,,,,taxable,parent,1,,,0,0,,,,,0,,,168,,,,,,,id:1937,,,,,,10,,Color,Yellow,,1,Material,"Range 1",,1,Corner,"Right corner",,1,,,,,,,
2117,variation,,"Carbono 220 - Blue, Range 2, Left corner",1,0,visible,,,,,taxable,parent,1,,,0,0,,,,,0,,,168,,,,,,,id:1937,,,,,,11,,Color,Blue,,1,Material,"Range 2",,1,Corner,"Left corner",,1,,,,,,,
2118,variation,,"Carbono 220 - Gray, Range 2, Left corner",1,0,visible,,,,,taxable,parent,1,,,0,0,,,,,0,,,168,,,,,,,id:1937,,,,,,12,,Color,Gray,,1,Material,"Range 2",,1,Corner,"Left corner",,1,,,,,,,
2119,variation,,"Carbono 220 - Green, Range 2, Left corner",1,0,visible,,,,,taxable,parent,1,,,0,0,,,,,0,,,168,,,,,,,id:1937,,,,,,13,,Color,Green,,1,Material,"Range 2",,1,Corner,"Left corner",,1,,,,,,,
2120,variation,,"Carbono 220 - Red, Range 2, Left corner",1,0,visible,,,,,taxable,parent,1,,,0,0,,,,,0,,,168,,,,,,,id:1937,,,,,,14,,Color,Red,,1,Material,"Range 2",,1,Corner,"Left corner",,1,,,,,,,
2121,variation,,"Carbono 220 - Yellow, Range 2, Left corner",1,0,visible,,,,,taxable,parent,1,,,0,0,,,,,0,,,168,,,,,,,id:1937,,,,,,15,,Color,Yellow,,1,Material,"Range 2",,1,Corner,"Left corner",,1,,,,,,,
2122,variation,,"Carbono 220 - Blue, Range 1, Left corner",1,0,visible,,,,,taxable,parent,1,,,0,0,,,,,0,,,168,,,,,,,id:1937,,,,,,1,,Color,Blue,,1,Material,"Range 1",,1,Corner,"Left corner",,1,,,,,,,
2123,variation,,"Carbono 220 - Gray, Range 1, Left corner",1,0,visible,,,,,taxable,parent,1,,,0,0,,,,,0,,,168,,,,,,,id:1937,,,,,,2,,Color,Gray,,1,Material,"Range 1",,1,Corner,"Left corner",,1,,,,,,,
2124,variation,,"Carbono 220 - Green, Range 1, Left corner",1,0,visible,,,,,taxable,parent,1,,,0,0,,,,,0,,,168,,,,,,,id:1937,,,,,,3,,Color,Green,,1,Material,"Range 1",,1,Corner,"Left corner",,1,,,,,,,
2096,variation,,"Carbono 220 - Yellow, Range 3, Left corner",1,0,visible,,,,,taxable,parent,1,,,0,0,,,,,0,,,168,,,,,,,id:1937,,,,,,25,,Color,Yellow,,1,Material,"Range 3",,1,Corner,"Left corner",,1,,,,,,,
2097,variation,,"Carbono 220 - Blue, Range 3, Right corner",1,0,visible,,,,,taxable,parent,1,,,0,0,,,,,0,,,168,,,,,,,id:1937,,,,,,26,,Color,Blue,,1,Material,"Range 3",,1,Corner,"Right corner",,1,,,,,,,
2098,variation,,"Carbono 220 - Gray, Range 3, Right corner",1,0,visible,,,,,taxable,parent,1,,,0,0,,,,,0,,,168,,,,,,,id:1937,,,,,,27,,Color,Gray,,1,Material,"Range 3",,1,Corner,"Right corner",,1,,,,,,,
2099,variation,,"Carbono 220 - Green, Range 3, Right corner",1,0,visible,,,,,taxable,parent,1,,,0,0,,,,,0,,,168,,,,,,,id:1937,,,,,,28,,Color,Green,,1,Material,"Range 3",,1,Corner,"Right corner",,1,,,,,,,
2100,variation,,"Carbono 220 - Red, Range 3, Right corner",1,0,visible,,,,,taxable,parent,1,,,0,0,,,,,0,,,168,,,,,,,id:1937,,,,,,29,,Color,Red,,1,Material,"Range 3",,1,Corner,"Right corner",,1,,,,,,,
2101,variation,,"Carbono 220 - Yellow, Range 3, Right corner",1,0,visible,,,,,taxable,parent,1,,,0,0,,,,,0,,,168,,,,,,,id:1937,,,,,,30,,Color,Yellow,,1,Material,"Range 3",,1,Corner,"Right corner",,1,,,,,,,
2102,variation,,"Carbono 220 - Blue, Range 2, Right corner",1,0,visible,,,,,taxable,parent,1,,,0,0,,,,,0,,,168,,,,,,,id:1937,,,,,,16,,Color,Blue,,1,Material,"Range 2",,1,Corner,"Right corner",,1,,,,,,,
2103,variation,,"Carbono 220 - Gray, Range 2, Right corner",1,0,visible,,,,,taxable,parent,1,,,0,0,,,,,0,,,168,,,,,,,id:1937,,,,,,17,,Color,Gray,,1,Material,"Range 2",,1,Corner,"Right corner",,1,,,,,,,
2104,variation,,"Carbono 220 - Green, Range 2, Right corner",1,0,visible,,,,,taxable,parent,1,,,0,0,,,,,0,,,168,,,,,,,id:1937,,,,,,18,,Color,Green,,1,Material,"Range 2",,1,Corner,"Right corner",,1,,,,,,,
2105,variation,,"Carbono 220 - Red, Range 2, Right corner",1,0,visible,,,,,taxable,parent,1,,,0,0,,,,,0,,,168,,,,,,,id:1937,,,,,,19,,Color,Red,,1,Material,"Range 2",,1,Corner,"Right corner",,1,,,,,,,
2106,variation,,"Carbono 220 - Yellow, Range 2, Right corner",1,0,visible,,,,,taxable,parent,1,,,0,0,,,,,0,,,168,,,,,,,id:1937,,,,,,20,,Color,Yellow,,1,Material,"Range 2",,1,Corner,"Right corner",,1,,,,,,,
2107,variation,,"Carbono 220 - Blue, Range 3, Left corner",1,0,visible,,,,,taxable,parent,1,,,0,0,,,,,0,,,168,,,,,,,id:1937,,,,,,21,,Color,Blue,,1,Material,"Range 3",,1,Corner,"Left corner",,1,,,,,,,
2108,variation,,"Carbono 220 - Gray, Range 3, Left corner",1,0,visible,,,,,taxable,parent,1,,,0,0,,,,,0,,,168,,,,,,,id:1937,,,,,,22,,Color,Gray,,1,Material,"Range 3",,1,Corner,"Left corner",,1,,,,,,,
2109,variation,,"Carbono 220 - Green, Range 3, Left corner",1,0,visible,,,,,taxable,parent,1,,,0,0,,,,,0,,,168,,,,,,,id:1937,,,,,,23,,Color,Green,,1,Material,"Range 3",,1,Corner,"Left corner",,1,,,,,,,
2155,variation,,"Sloopy - Green, Range 1, Right corner",1,0,visible,,,,,taxable,parent,1,,,0,0,,,,,0,,,168,,,,,,,id:1938,,,,,,8,,Color,Green,,1,Material,"Range 1",,1,Corner,"Right corner",,1,,,,,,,
2150,variation,,"Sloopy - Green, Range 1, Left corner",1,0,visible,,,,,taxable,parent,1,,,0,0,,,,,0,,,168,,,,,,,id:1938,,,,,,3,,Color,Green,,1,Material,"Range 1",,1,Corner,"Left corner",,1,,,,,,,
2151,variation,,"Sloopy - Red, Range 1, Left corner",1,0,visible,,,,,taxable,parent,1,,,0,0,,,,,0,,,168,,,,,,,id:1938,,,,,,4,,Color,Red,,1,Material,"Range 1",,1,Corner,"Left corner",,1,,,,,,,
2152,variation,,"Sloopy - Yellow, Range 1, Left corner",1,0,visible,,,,,taxable,parent,1,,,0,0,,,,,0,,,168,,,,,,,id:1938,,,,,,5,,Color,Yellow,,1,Material,"Range 1",,1,Corner,"Left corner",,1,,,,,,,
2153,variation,,"Sloopy - Blue, Range 1, Right corner",1,0,visible,,,,,taxable,parent,1,,,0,0,,,,,0,,,168,,,,,,,id:1938,,,,,,6,,Color,Blue,,1,Material,"Range 1",,1,Corner,"Right corner",,1,,,,,,,
2154,variation,,"Sloopy - Gray, Range 1, Right corner",1,0,visible,,,,,taxable,parent,1,,,0,0,,,,,0,,,168,,,,,,,id:1938,,,,,,7,,Color,Gray,,1,Material,"Range 1",,1,Corner,"Right corner",,1,,,,,,,
2131,variation,,"Sloopy - Green, Range 3, Left corner",1,0,visible,,,,,taxable,parent,1,,,0,0,,,,,0,,,168,,,,,,,id:1938,,,,,,23,,Color,Green,,1,Material,"Range 3",,1,Corner,"Left corner",,1,,,,,,,
2132,variation,,"Sloopy - Red, Range 3, Left corner",1,0,visible,,,,,taxable,parent,1,,,0,0,,,,,0,,,168,,,,,,,id:1938,,,,,,24,,Color,Red,,1,Material,"Range 3",,1,Corner,"Left corner",,1,,,,,,,
2133,variation,,"Sloopy - Yellow, Range 3, Left corner",1,0,visible,,,,,taxable,parent,1,,,0,0,,,,,0,,,168,,,,,,,id:1938,,,,,,25,,Color,Yellow,,1,Material,"Range 3",,1,Corner,"Left corner",,1,,,,,,,
2134,variation,,"Sloopy - Blue, Range 3, Right corner",1,0,visible,,,,,taxable,parent,1,,,0,0,,,,,0,,,168,,,,,,,id:1938,,,,,,26,,Color,Blue,,1,Material,"Range 3",,1,Corner,"Right corner",,1,,,,,,,
2135,variation,,"Sloopy - Gray, Range 3, Right corner",1,0,visible,,,,,taxable,parent,1,,,0,0,,,,,0,,,168,,,,,,,id:1938,,,,,,27,,Color,Gray,,1,Material,"Range 3",,1,Corner,"Right corner",,1,,,,,,,
2136,variation,,"Sloopy - Green, Range 3, Right corner",1,0,visible,,,,,taxable,parent,1,,,0,0,,,,,0,,,168,,,,,,,id:1938,,,,,,28,,Color,Green,,1,Material,"Range 3",,1,Corner,"Right corner",,1,,,,,,,
2137,variation,,"Sloopy - Red, Range 3, Right corner",1,0,visible,,,,,taxable,parent,1,,,0,0,,,,,0,,,168,,,,,,,id:1938,,,,,,29,,Color,Red,,1,Material,"Range 3",,1,Corner,"Right corner",,1,,,,,,,
2138,variation,,"Sloopy - Red, Range 1, Right corner",1,0,visible,,,,,taxable,parent,1,,,0,0,,,,,0,,,168,,,,,,,id:1938,,,,,,9,,Color,Red,,1,Material,"Range 1",,1,Corner,"Right corner",,1,,,,,,,
2139,variation,,"Sloopy - Yellow, Range 1, Right corner",1,0,visible,,,,,taxable,parent,1,,,0,0,,,,,0,,,168,,,,,,,id:1938,,,,,,10,,Color,Yellow,,1,Material,"Range 1",,1,Corner,"Right corner",,1,,,,,,,
2140,variation,,"Sloopy - Blue, Range 2, Left corner",1,0,visible,,,,,taxable,parent,1,,,0,0,,,,,0,,,168,,,,,,,id:1938,,,,,,11,,Color,Blue,,1,Material,"Range 2",,1,Corner,"Left corner",,1,,,,,,,
2141,variation,,"Sloopy - Gray, Range 2, Left corner",1,0,visible,,,,,taxable,parent,1,,,0,0,,,,,0,,,168,,,,,,,id:1938,,,,,,12,,Color,Gray,,1,Material,"Range 2",,1,Corner,"Left corner",,1,,,,,,,
2142,variation,,"Sloopy - Green, Range 2, Left corner",1,0,visible,,,,,taxable,parent,1,,,0,0,,,,,0,,,168,,,,,,,id:1938,,,,,,13,,Color,Green,,1,Material,"Range 2",,1,Corner,"Left corner",,1,,,,,,,
2143,variation,,"Sloopy - Red, Range 2, Left corner",1,0,visible,,,,,taxable,parent,1,,,0,0,,,,,0,,,168,,,,,,,id:1938,,,,,,14,,Color,Red,,1,Material,"Range 2",,1,Corner,"Left corner",,1,,,,,,,
2144,variation,,"Sloopy - Yellow, Range 2, Left corner",1,0,visible,,,,,taxable,parent,1,,,0,0,,,,,0,,,168,,,,,,,id:1938,,,,,,15,,Color,Yellow,,1,Material,"Range 2",,1,Corner,"Left corner",,1,,,,,,,
2145,variation,,"Sloopy - Blue, Range 2, Right corner",1,0,visible,,,,,taxable,parent,1,,,0,0,,,,,0,,,168,,,,,,,id:1938,,,,,,16,,Color,Blue,,1,Material,"Range 2",,1,Corner,"Right corner",,1,,,,,,,
2146,variation,,"Sloopy - Gray, Range 2, Right corner",1,0,visible,,,,,taxable,parent,1,,,0,0,,,,,0,,,168,,,,,,,id:1938,,,,,,17,,Color,Gray,,1,Material,"Range 2",,1,Corner,"Right corner",,1,,,,,,,
2147,variation,,"Sloopy - Green, Range 2, Right corner",1,0,visible,,,,,taxable,parent,1,,,0,0,,,,,0,,,168,,,,,,,id:1938,,,,,,18,,Color,Green,,1,Material,"Range 2",,1,Corner,"Right corner",,1,,,,,,,
2148,variation,,"Sloopy - Blue, Range 1, Left corner",1,0,visible,,,,,taxable,parent,1,,,0,0,,,,,0,,,168,,,,,,,id:1938,,,,,,1,,Color,Blue,,1,Material,"Range 1",,1,Corner,"Left corner",,1,,,,,,,
2149,variation,,"Sloopy - Gray, Range 1, Left corner",1,0,visible,,,,,taxable,parent,1,,,0,0,,,,,0,,,168,,,,,,,id:1938,,,,,,2,,Color,Gray,,1,Material,"Range 1",,1,Corner,"Left corner",,1,,,,,,,
2126,variation,,"Sloopy - Yellow, Range 3, Right corner",1,0,visible,,,,,taxable,parent,1,,,0,0,,,,,0,,,168,,,,,,,id:1938,,,,,,30,,Color,Yellow,,1,Material,"Range 3",,1,Corner,"Right corner",,1,,,,,,,
2127,variation,,"Sloopy - Red, Range 2, Right corner",1,0,visible,,,,,taxable,parent,1,,,0,0,,,,,0,,,168,,,,,,,id:1938,,,,,,19,,Color,Red,,1,Material,"Range 2",,1,Corner,"Right corner",,1,,,,,,,
2128,variation,,"Sloopy - Yellow, Range 2, Right corner",1,0,visible,,,,,taxable,parent,1,,,0,0,,,,,0,,,168,,,,,,,id:1938,,,,,,20,,Color,Yellow,,1,Material,"Range 2",,1,Corner,"Right corner",,1,,,,,,,
2129,variation,,"Sloopy - Blue, Range 3, Left corner",1,0,visible,,,,,taxable,parent,1,,,0,0,,,,,0,,,168,,,,,,,id:1938,,,,,,21,,Color,Blue,,1,Material,"Range 3",,1,Corner,"Left corner",,1,,,,,,,
2130,variation,,"Sloopy - Gray, Range 3, Left corner",1,0,visible,,,,,taxable,parent,1,,,0,0,,,,,0,,,168,,,,,,,id:1938,,,,,,22,,Color,Gray,,1,Material,"Range 3",,1,Corner,"Left corner",,1,,,,,,,
2171,variation,,"Frame Loveseat - Yellow, Range 2, Right corner",1,0,visible,,,,,taxable,parent,1,,,0,0,,,,,0,,,168,,,,,,,id:1939,,,,,,20,,Color,Yellow,,1,Material,"Range 2",,1,Corner,"Right corner",,1,,,,,,,
2172,variation,,"Frame Loveseat - Blue, Range 3, Left corner",1,0,visible,,,,,taxable,parent,1,,,0,0,,,,,0,,,168,,,,,,,id:1939,,,,,,21,,Color,Blue,,1,Material,"Range 3",,1,Corner,"Left corner",,1,,,,,,,
2173,variation,,"Frame Loveseat - Gray, Range 3, Left corner",1,0,visible,,,,,taxable,parent,1,,,0,0,,,,,0,,,168,,,,,,,id:1939,,,,,,22,,Color,Gray,,1,Material,"Range 3",,1,Corner,"Left corner",,1,,,,,,,
2174,variation,,"Frame Loveseat - Green, Range 3, Left corner",1,0,visible,,,,,taxable,parent,1,,,0,0,,,,,0,,,168,,,,,,,id:1939,,,,,,23,,Color,Green,,1,Material,"Range 3",,1,Corner,"Left corner",,1,,,,,,,
2175,variation,,"Frame Loveseat - Gray, Range 1, Left corner",1,0,visible,,,,,taxable,parent,1,,,0,0,,,,,0,,,168,,,,,,,id:1939,,,,,,2,,Color,Gray,,1,Material,"Range 1",,1,Corner,"Left corner",,1,,,,,,,
2176,variation,,"Frame Loveseat - Green, Range 1, Left corner",1,0,visible,,,,,taxable,parent,1,,,0,0,,,,,0,,,168,,,,,,,id:1939,,,,,,3,,Color,Green,,1,Material,"Range 1",,1,Corner,"Left corner",,1,,,,,,,
2177,variation,,"Frame Loveseat - Red, Range 1, Left corner",1,0,visible,,,,,taxable,parent,1,,,0,0,,,,,0,,,168,,,,,,,id:1939,,,,,,4,,Color,Red,,1,Material,"Range 1",,1,Corner,"Left corner",,1,,,,,,,
2178,variation,,"Frame Loveseat - Yellow, Range 1, Left corner",1,0,visible,,,,,taxable,parent,1,,,0,0,,,,,0,,,168,,,,,,,id:1939,,,,,,5,,Color,Yellow,,1,Material,"Range 1",,1,Corner,"Left corner",,1,,,,,,,
2179,variation,,"Frame Loveseat - Blue, Range 1, Right corner",1,0,visible,,,,,taxable,parent,1,,,0,0,,,,,0,,,168,,,,,,,id:1939,,,,,,6,,Color,Blue,,1,Material,"Range 1",,1,Corner,"Right corner",,1,,,,,,,
2180,variation,,"Frame Loveseat - Gray, Range 1, Right corner",1,0,visible,,,,,taxable,parent,1,,,0,0,,,,,0,,,168,,,,,,,id:1939,,,,,,7,,Color,Gray,,1,Material,"Range 1",,1,Corner,"Right corner",,1,,,,,,,
2181,variation,,"Frame Loveseat - Green, Range 1, Right corner",1,0,visible,,,,,taxable,parent,1,,,0,0,,,,,0,,,168,,,,,,,id:1939,,,,,,8,,Color,Green,,1,Material,"Range 1",,1,Corner,"Right corner",,1,,,,,,,
2182,variation,,"Frame Loveseat - Red, Range 1, Right corner",1,0,visible,,,,,taxable,parent,1,,,0,0,,,,,0,,,168,,,,,,,id:1939,,,,,,9,,Color,Red,,1,Material,"Range 1",,1,Corner,"Right corner",,1,,,,,,,
2183,variation,,"Frame Loveseat - Yellow, Range 1, Right corner",1,0,visible,,,,,taxable,parent,1,,,0,0,,,,,0,,,168,,,,,,,id:1939,,,,,,10,,Color,Yellow,,1,Material,"Range 1",,1,Corner,"Right corner",,1,,,,,,,
2184,variation,,"Frame Loveseat - Blue, Range 2, Left corner",1,0,visible,,,,,taxable,parent,1,,,0,0,,,,,0,,,168,,,,,,,id:1939,,,,,,11,,Color,Blue,,1,Material,"Range 2",,1,Corner,"Left corner",,1,,,,,,,
2156,variation,,"Frame Loveseat - Red, Range 3, Left corner",1,0,visible,,,,,taxable,parent,1,,,0,0,,,,,0,,,168,,,,,,,id:1939,,,,,,24,,Color,Red,,1,Material,"Range 3",,1,Corner,"Left corner",,1,,,,,,,
2157,variation,,"Frame Loveseat - Yellow, Range 3, Left corner",1,0,visible,,,,,taxable,parent,1,,,0,0,,,,,0,,,168,,,,,,,id:1939,,,,,,25,,Color,Yellow,,1,Material,"Range 3",,1,Corner,"Left corner",,1,,,,,,,
2158,variation,,"Frame Loveseat - Blue, Range 3, Right corner",1,0,visible,,,,,taxable,parent,1,,,0,0,,,,,0,,,168,,,,,,,id:1939,,,,,,26,,Color,Blue,,1,Material,"Range 3",,1,Corner,"Right corner",,1,,,,,,,
2159,variation,,"Frame Loveseat - Gray, Range 3, Right corner",1,0,visible,,,,,taxable,parent,1,,,0,0,,,,,0,,,168,,,,,,,id:1939,,,,,,27,,Color,Gray,,1,Material,"Range 3",,1,Corner,"Right corner",,1,,,,,,,
2160,variation,,"Frame Loveseat - Green, Range 3, Right corner",1,0,visible,,,,,taxable,parent,1,,,0,0,,,,,0,,,168,,,,,,,id:1939,,,,,,28,,Color,Green,,1,Material,"Range 3",,1,Corner,"Right corner",,1,,,,,,,
2161,variation,,"Frame Loveseat - Red, Range 3, Right corner",1,0,visible,,,,,taxable,parent,1,,,0,0,,,,,0,,,168,,,,,,,id:1939,,,,,,29,,Color,Red,,1,Material,"Range 3",,1,Corner,"Right corner",,1,,,,,,,
2162,variation,,"Frame Loveseat - Yellow, Range 3, Right corner",1,0,visible,,,,,taxable,parent,1,,,0,0,,,,,0,,,168,,,,,,,id:1939,,,,,,30,,Color,Yellow,,1,Material,"Range 3",,1,Corner,"Right corner",,1,,,,,,,
2163,variation,,"Frame Loveseat - Gray, Range 2, Left corner",1,0,visible,,,,,taxable,parent,1,,,0,0,,,,,0,,,168,,,,,,,id:1939,,,,,,12,,Color,Gray,,1,Material,"Range 2",,1,Corner,"Left corner",,1,,,,,,,
2164,variation,,"Frame Loveseat - Green, Range 2, Left corner",1,0,visible,,,,,taxable,parent,1,,,0,0,,,,,0,,,168,,,,,,,id:1939,,,,,,13,,Color,Green,,1,Material,"Range 2",,1,Corner,"Left corner",,1,,,,,,,
2165,variation,,"Frame Loveseat - Red, Range 2, Left corner",1,0,visible,,,,,taxable,parent,1,,,0,0,,,,,0,,,168,,,,,,,id:1939,,,,,,14,,Color,Red,,1,Material,"Range 2",,1,Corner,"Left corner",,1,,,,,,,
2166,variation,,"Frame Loveseat - Yellow, Range 2, Left corner",1,0,visible,,,,,taxable,parent,1,,,0,0,,,,,0,,,168,,,,,,,id:1939,,,,,,15,,Color,Yellow,,1,Material,"Range 2",,1,Corner,"Left corner",,1,,,,,,,
2167,variation,,"Frame Loveseat - Blue, Range 2, Right corner",1,0,visible,,,,,taxable,parent,1,,,0,0,,,,,0,,,168,,,,,,,id:1939,,,,,,16,,Color,Blue,,1,Material,"Range 2",,1,Corner,"Right corner",,1,,,,,,,
2168,variation,,"Frame Loveseat - Gray, Range 2, Right corner",1,0,visible,,,,,taxable,parent,1,,,0,0,,,,,0,,,168,,,,,,,id:1939,,,,,,17,,Color,Gray,,1,Material,"Range 2",,1,Corner,"Right corner",,1,,,,,,,
2169,variation,,"Frame Loveseat - Green, Range 2, Right corner",1,0,visible,,,,,taxable,parent,1,,,0,0,,,,,0,,,168,,,,,,,id:1939,,,,,,18,,Color,Green,,1,Material,"Range 2",,1,Corner,"Right corner",,1,,,,,,,
2170,variation,,"Frame Loveseat - Red, Range 2, Right corner",1,0,visible,,,,,taxable,parent,1,,,0,0,,,,,0,,,168,,,,,,,id:1939,,,,,,19,,Color,Red,,1,Material,"Range 2",,1,Corner,"Right corner",,1,,,,,,,
